SAMPLE.TUMOR	n_events	del_length	alignment_length	identity	deletions	homeology_rate
PD13419	1	5690878	41	82.927	9	0.111111111111111
PD4264	2	4494249.5	81	86.8795	12	0.166666666666667
